{
  "base_sl": 0.8938807524675896,
  "vol_lo": 0.8558832177902502,
  "vol_hi": 1.0723420330696194,
  "trend_gain": 1.787471953756369,
  "tp_lo": 0.32953546874950945,
  "tp_hi": 2.8770796879739833,
  "in_sample_total_d": 6356.19,
  "in_sample_baseline_d": 5381.57,
  "beat_baseline_count": 280,
  "n_trials": 100000
}