{"weights": [0.5974902901764858, -0.19956837831960528, -0.013543592985232875, 0.11554311737830594, 0.27707196846038346, -0.025173454716689265, 0.047543669018195144, -0.040715232159406305, 0.057571150553258336, 0.10001180316881884, -0.008142396620560021, -0.11825178846802514, -0.03657406942594312, 0.19555953836222892, 0.08516953469527519, -0.03966925497624659, -0.030874541532471596, -0.15784377813895706, 0.09557314999632692, 0.015284681514253365], "feat_mean": [-0.000982138161980095, 0.0002444290952023443, 298954.67625546764, -0.022409310136487556, -0.006691805951895215, -0.0006165919282511196, -0.002399103139013482, -0.0036322869955157143, 0.016395067264573952, 0.07889540358744354, 0.11062432735426009, 48.67128051499154, 1.1427646459055336, 1.1828921656523195, 0.7958403737008918, 11.316143497757848, -0.07394424490176499, 0.086914279817485, 0.28139013452914796], "feat_std": [0.22576335614590384, 0.05962002411283957, 5898182.207773643, 2.0397340113679077, 0.039829858713556945, 0.04342615183939451, 0.06624003468036496, 0.08047248042058851, 0.35318242578563647, 0.49480595960569124, 0.592919437675844, 14.001976067903929, 0.42193737965221245, 0.8761601992766654, 0.43713488562530123, 6.360687798160863, 1.1858974982053263, 1.4694680940764193, 0.9365349010947553], "threshold": 0.568131823721141}